Country,CountryCode,1995,2000,2001,2002,2003,2004,2005,2006,2007,2008,2009,2010,2011,2012,2013,2014,2015,2016,2017,2018,2019,2020,2021
Africa Eastern and Southern,AFE,7.063795896,6.939536426,6.850375724,6.803536617,6.741240926,6.535173175,6.373502565,6.347598161,6.283420894,6.23256053,6.295587011,6.93364463,6.715358057,6.599355673,6.512784103,6.555645284,6.707141602,6.855589424,6.940365035,6.913046436,7.121663747,7.631303418,7.920218731
Afghanistan,AFG,8.260000229,8.053999901,8.039999962,8.18599987,8.121999741,8.05300045,8.112999916,8.053999901,8.107999802,8.022000313,8.081999779,8.06799984,7.947000027,8.019000053,7.948999882,7.909999847,8.98900032,10.08600044,11.18000031,11.10999966,11.08500004,11.71000004,11.879641008524676
Africa Western and Central,AFW,4.348996317,4.666422637,4.581780566,4.448732994,4.405969047,4.352562042,4.321496237,4.20305838,4.14827042,4.16744298,4.215072682,4.235777457,4.188827673,4.167556146,3.804447502,3.985877983,4.241135976,4.112957918,4.140483804,4.201598559,4.261414006,4.914143362,4.873635101
Angola,AGO,4.303999901,4.163000107,4.118999958,4.043000221,4.043000221,3.971999884,3.914999962,3.881999969,3.826999903,3.790999889,3.779999971,9.430000305,7.360000134,8.06400013,8.833999634,9.579999924,9.583999634,9.586000443,9.534999847,9.522000313,9.480999947,10.35000038,10.38399982
Albania,ALB,14.61100006,19.02799988,18.57500076,17.89500046,16.98900032,16.30999947,15.97000027,15.63000011,15.97000027,13.06000042,13.67000008,14.09000015,13.47999954,13.38000011,15.86999989,18.04999924,17.19000053,15.42000008,13.61999989,12.30000019,11.47000027,13.06700039,12.68299961
Arab World,ARB,13.21699949,12.44784571,12.32400008,12.33008487,12.254294,11.27934116,11.12125816,10.4111855,10.00305131,9.698518737,9.31289675,9.386506842,10.47496764,10.67354504,10.73433927,10.85621373,10.96821914,10.76335863,10.91992055,10.58333988,10.16515827,11.34837049,11.02369344
United Arab Emirates,ARE,1.799999952,2.25,2.500999928,2.654000044,2.750999928,2.904000044,3.119999886,2.926000118,2.859999895,2.720999956,2.667999983,2.463999987,2.28399992,2.171000004,2.032000065,1.90199995,1.763000011,1.639999986,2.460000038,2.24000001,2.329999924,4.289999962,3.109999895
Argentina,ARG,18.79999924,15.0,17.31999969,19.59000015,15.35999966,13.52000046,11.51000023,10.07999992,8.470000267,7.840000153,8.649999619,7.710000038,7.179999828,7.21999979,7.099999905,7.269999981,7.524000168,8.109000206,8.350000381,9.220000267,9.840000153,11.46000004,8.739999771
Armenia,ARM,6.699999809,11.05500031,10.93299961,10.81000042,10.625,10.34700012,10.21800041,10.0010004,9.81000042,9.996999741,9.894000053,10.54199982,10.91699982,11.29800034,11.53100014,11.86200047,12.17700005,12.42599964,12.94400024,13.21000004,12.19999981,12.18000031,12.72900009
Australia,AUS,8.470000267,6.28000021,6.739999771,6.369999886,5.929999828,5.389999866,5.03000021,4.78000021,4.380000114,4.230000019,5.559999943,5.210000038,5.079999924,5.21999979,5.659999847,6.079999924,6.050000191,5.710000038,5.590000153,5.300000191,5.159999847,6.460000038,5.119999886
Austria,AUT,4.340000153,4.690000057,4.010000229,4.849999905,4.78000021,5.829999924,5.630000114,5.239999771,4.860000134,4.130000114,5.300000191,4.820000172,4.559999943,4.869999886,5.340000153,5.619999886,5.71999979,6.010000229,5.5,4.849999905,4.489999771,5.360000134,6.179999828
Azerbaijan,AZE,7.199999809,11.77999973,10.90999985,10.03999996,9.170000076,7.989999771,7.260000229,6.619999886,6.329999924,5.860000134,5.739999771,5.630000114,5.420000076,5.190000057,4.96999979,4.909999847,4.960000038,5.0,4.960000038,4.940000057,4.849999905,7.159999847,5.949999809
Burundi,BDI,2.89199996,2.997999907,3.003000021,3.013999939,3.125999928,3.094000101,3.188999891,3.180000067,2.423000097,1.629999995,1.625,1.605999947,1.601999998,1.588999987,1.575999975,1.570000052,1.476999998,1.315000057,1.166000009,1.01699996,0.870999992,1.029999971,1.131999969
Belgium,BEL,9.340000153,6.590000153,6.179999828,6.909999847,7.679999828,7.360000134,8.43999958,8.25,7.460000038,6.980000019,7.909999847,8.289999962,7.139999866,7.539999962,8.430000305,8.520000458,8.479999542,7.829999924,7.090000153,5.949999809,5.360000134,5.550000191,6.260000229
Benin,BEN,1.236999989,0.842999995,0.765999973,0.689999998,0.737999976,0.773000002,0.832000017,0.859000027,0.885999978,0.935000002,0.995999992,1.039999962,2.650000095,2.453999996,2.253999949,2.111000061,2.023000002,1.835999966,1.643000007,1.470000029,1.465999961,1.671000004,1.751999974
Burkina Faso,BFA,2.513999939,2.63499999,2.654000044,2.749000072,2.779999971,3.441999912,4.0,3.657999992,3.299999952,3.405999899,3.573999882,3.625999928,3.779999971,3.911999941,4.052000046,4.205999851,4.343999863,4.440000057,4.565999985,4.690000057,4.69299984,5.054999828,5.231999874
Italy,ITA,11.65999985,10.82999992,9.600000381,9.210000038,8.869999886,7.869999886,7.730000019,6.78000021,6.079999924,6.71999979,7.75,8.359999657,8.359999657,10.64999962,12.14999962,12.68000031,11.89999962,11.68999958,11.21000004,10.60999966,9.949999809,9.159999847,9.5
Bangladesh,BGD,2.463999987,3.269999981,3.618000031,3.934000015,4.320000172,4.271999836,4.25,3.589999914,4.092000008,4.547999859,5.0,3.380000114,3.75,4.098999977,4.429999828,4.393000126,4.370999813,4.349999905,4.369999886,4.380000114,4.381999969,5.209000111,5.097000122
Bulgaria,BGR,11.10000038,16.21999931,19.92000008,18.11000061,13.72999954,12.03999996,10.07999992,8.949999809,6.880000114,5.610000134,6.820000172,10.27999973,11.26000023,12.27000046,12.93999958,11.42000008,9.140000343,7.570000172,6.159999847,5.210000038,4.230000019,5.119999886,5.269999981
Bahrain,BHR,1.128000021,1.116999984,1.144000053,1.136000037,1.110000014,1.103000045,1.103999972,1.106999993,1.090999961,1.110000014,1.144000053,1.129999995,1.184999943,1.200000048,1.177999973,1.184000015,1.197000027,1.180999994,1.16900003,1.184999943,1.180999994,1.674000025,1.531999946
"Bahamas, The",BHS,10.82999992,7.196000099,6.869999886,9.050000191,10.84000015,10.19999981,10.19999981,7.539999962,7.880000114,8.180000305,14.25,14.3210001,14.52000046,14.02000046,16.18000031,13.80000019,12.0,12.69999981,9.800000191,10.0,10.05099964,12.86699963,11.66499996
Bosnia and Herzegovina,BIH,21.84199905,26.18899918,26.53700066,27.55400085,28.37100029,29.39299965,30.13599968,31.11000061,28.97999954,23.40999985,24.06999969,27.30999947,27.57999992,28.01000023,27.48999977,27.52000046,27.69000053,25.40999985,20.53000069,18.39999962,15.68999958,15.26500034,14.89999962
Belarus,BLR,17.70000076,12.25399971,11.5369997,10.88500023,10.29899979,9.795999527,9.038999557,8.380999565,7.65899992,7.02699995,6.099999905,6.256999969,6.169000149,6.051000118,6.006999969,5.995999813,5.837999821,5.840000153,5.650000095,4.760000229,4.159999847,4.050000191,3.900000095
Belize,BLZ,12.47999954,10.86900043,9.069999695,10.03999996,10.25699997,10.59399986,10.90999985,9.390000343,8.510000229,8.180000305,8.244000435,8.244000435,8.284000397,8.307999611,8.350000381,8.239999771,7.579999924,7.0,6.599999905,7.81400013,9.050000191,10.78800011,10.28999996
Bolivia,BOL,2.752000093,2.372999907,2.479000092,2.49000001,2.532999992,2.503000021,2.542999983,2.575000048,2.642999887,2.599999905,2.970000029,2.614000082,2.25,2.069999933,2.440000057,2.019999981,3.109999895,3.5,3.650000095,3.519999981,3.680000067,7.900000095,5.090000153
Brazil,BRA,7.090000153,10.52999973,10.64999962,10.64000034,11.17000008,10.06999969,10.55000019,9.68999958,9.279999733,8.270000458,9.420000076,8.034000397,7.579999924,7.25,7.070000172,6.760000229,8.56000042,11.73999977,12.93000031,12.46000004,12.05000019,13.93000031,13.34000015
Barbados,BRB,19.65999985,9.350000381,9.850000381,10.31999969,11.0,9.569999695,9.079999924,8.729999542,7.409999847,8.119999886,10.02000046,10.68999958,11.18999958,11.59000015,11.55000019,12.17000008,9.800000191,8.25,8.619999886,8.319999695,8.409999847,10.10499954,9.581999779
Brunei Darussalam,BRN,5.125,5.597000122,5.693999767,5.809999943,5.890999794,5.946000099,6.039999962,6.210000038,6.230000019,6.288000107,6.388000011,6.56799984,6.690000057,6.731999874,6.769999981,6.860000134,7.69299984,8.43200016,9.319999695,8.699999809,6.920000076,7.409999847,7.446000099
Bhutan,BTN,1.453999996,1.625,1.899999976,1.866999984,1.799999952,2.49000001,3.099999905,3.130000114,3.700000048,3.746000051,3.960000038,3.319999933,3.230000019,2.049999952,2.869999886,2.630000114,2.450000048,2.773999929,3.055999994,3.349999905,2.720000029,5.03000021,3.907999992
Botswana,BWA,21.35000038,15.88000011,18.54000092,21.10499954,23.79999924,21.85199928,19.82900047,17.78000069,17.17200089,16.59000015,16.17000008,17.86000061,18.15200043,18.41600037,18.53800011,18.8939991,19.29899979,19.31500053,19.60300064,19.83799934,20.09000015,21.02000046,21.15500069
Central African Republic,CAF,5.441999912,5.296999931,5.333000183,5.367000103,5.387000084,5.340000153,5.333000183,5.291999817,5.257999897,5.205999851,5.271999836,5.518000126,5.456999779,5.440000057,5.452000141,5.577000141,5.736999989,5.745999813,5.762000084,5.699999809,5.755000114,6.380000114,6.458000183
Canada,CAN,9.489999771,6.829999924,7.21999979,7.659999847,7.570000172,7.190000057,6.760000229,6.320000172,6.039999962,6.139999866,8.340000153,8.06000042,7.510000229,7.289999962,7.070000172,6.909999847,6.909999847,7.0,6.340000153,5.829999924,5.659999847,9.460000038,7.460000038
Central Europe and the Baltics,CEB,10.84923802,12.44151271,13.22563694,13.73507864,12.95365057,12.93282364,12.05850844,10.10273847,7.808382231,6.607053595,8.489097313,9.901312346,9.788592504,9.978571468,10.04961812,8.953335233,7.820802137,6.490935972,5.297816559,4.316469149,3.780900528,4.370732507,4.484671245
Switzerland,CHE,3.089999914,2.660000086,2.49000001,2.920000076,4.119999886,4.320000172,4.440000057,3.99000001,3.640000105,3.349999905,4.110000134,4.809999943,4.409999847,4.489999771,4.75,4.829999924,4.800000191,4.920000076,4.800000191,4.710000038,4.389999866,4.820000172,5.099999905
Channel Islands,CHI,7.573999882,5.895999908,5.545000076,5.829999924,6.177999973,6.375,6.30700016,5.999000072,5.677000046,5.75,7.177000046,7.551000118,7.789000034,8.618000031,9.211999893,8.99600029,8.595999718,8.118000031,7.505000114,6.93200016,6.77699995,7.81099987,7.552999973
Chile,CHL,4.699999809,10.48999977,10.39000034,10.17000008,9.770000458,10.15999985,9.340000153,9.020000458,8.430000305,9.289999962,11.31000042,8.409999847,7.320000172,6.639999866,6.199999809,6.650000095,6.489999771,6.730000019,6.949999809,7.210000038,7.269999981,11.14000034,9.350000381
China,CHN,3.0,3.25999999,3.799999952,4.239999771,4.579999924,4.489999771,4.519999981,4.429999828,4.349999905,4.590000153,4.71999979,4.53000021,4.550000191,4.579999924,4.599999905,4.630000114,4.650000095,4.559999943,4.46999979,4.309999943,4.559999943,5.0,4.550000191
Cote d'Ivoire,CIV,4.099999905,4.602000237,4.854000092,5.092000008,5.348999977,5.47300005,5.730000019,5.93200016,6.184999943,6.355999947,6.602000237,6.776000023,7.215000153,7.21999979,4.25,3.474999905,2.697000027,1.899999976,3.269999981,2.835000038,2.400000095,2.660000086,2.816999912
Cameroon,CMR,7.967999935,7.59100008,7.460000038,6.68900013,5.902999878,5.111000061,4.400000095,3.723999977,3.059999943,3.417999983,3.766000032,4.110000134,3.967000008,3.816999912,3.674999952,3.529999971,3.546000004,3.572000027,3.59800005,3.608999968,3.628999949,3.947000027,4.122000217
"Congo, Dem. Rep.",COD,2.961999893,2.960999966,2.927999973,2.894999981,2.872999907,2.857000113,2.849999905,3.086999893,3.315999985,3.551000118,3.806999922,4.017000198,4.254000187,4.489999771,4.467999935,4.448999882,4.456999779,4.479000092,4.459000111,4.434000015,4.43599987,5.126999855,5.111999989
"Congo, Rep.",COG,20.19099998,19.9810009,20.00200081,19.95800018,19.9810009,19.90299988,19.79999924,19.84700012,20.12199974,19.97500038,19.94300079,20.0189991,20.19000053,20.12199974,20.34000015,20.27400017,20.48500061,20.64800072,20.59199905,20.6439991,20.61199951,22.5170002,22.23500061
Colombia,COL,8.720000267,20.52000046,15.03999996,15.63000011,14.18999958,13.72000027,11.86999989,10.9630003,10.25,10.52000046,11.31999969,10.97999954,10.10999966,9.739999771,9.050000191,8.569999695,8.300000191,8.68999958,8.869999886,9.109999657,9.960000038,15.03999996,13.89999962
Comoros,COM,4.953000069,4.657999992,4.703999996,4.659999847,4.616000175,4.570000172,4.918000221,5.27699995,5.657000065,5.972000122,6.339000225,6.68599987,7.037000179,7.407000065,7.739999771,8.140000343,8.140000343,8.081999779,8.055999756,8.043000221,8.062999725,9.031999588,8.979000092
Cabo Verde,CPV,11.33300018,11.10999966,11.17000008,11.09000015,11.04699993,10.93799973,10.91300011,10.84700012,10.72500038,10.74300003,10.75399971,10.67000008,10.8739996,11.12699986,11.35700035,11.58600044,11.81000042,12.00199986,12.23999977,12.17000008,12.20699978,14.87800026,13.90999985
Costa Rica,CRI,5.179999828,5.079999924,5.920000076,6.329999924,6.559999943,6.389999866,6.570000172,5.739999771,4.489999771,4.78000021,7.710000038,7.170000076,9.520000458,9.109999657,8.220000267,8.5,8.420000076,8.090000153,7.730000019,9.010000229,10.81000042,16.43000031,15.14000034
Caribbean small states,CSS,11.35557536,9.696037286,9.359230303,9.428151174,9.556721981,8.849216814,8.639258037,7.853968098,7.560535222,7.372989933,8.390645126,8.279727488,8.463878374,8.8392104,9.19965921,8.75561829,8.461566088,8.540966104,7.838296807,7.136060084,6.844145222,8.44932438,8.044777541
Cuba,CUB,8.270000458,5.449999809,4.079999924,3.309999943,2.329999924,1.850000024,1.950000048,1.909999967,1.789999962,1.580000043,1.669999957,2.5,3.180000067,3.460000038,3.289999962,2.700000048,2.400000095,2.0,1.700000048,1.700000048,1.200000048,1.399999976,1.47300005
Cyprus,CYP,2.599999905,4.96999979,3.980000019,3.299999952,4.139999866,4.329999924,5.300000191,4.539999962,3.920000076,3.650000095,5.360000134,6.260000229,7.860000134,11.80000019,15.86999989,16.09000015,14.90999985,12.94999981,11.05000019,8.369999886,7.070000172,7.590000153,7.460000038
Czechia,CZE,4.019999981,8.760000229,7.989999771,7.019999981,7.539999962,8.210000038,7.929999828,7.150000095,5.320000172,4.389999866,6.659999847,7.28000021,6.710000038,6.980000019,6.949999809,6.110000134,5.050000191,3.950000048,2.890000105,2.24000001,2.00999999,2.549999952,2.809999943
Germany,DEU,8.159999847,7.920000076,7.769999981,8.479999542,9.779999733,10.72999954,11.17000008,10.25,8.659999847,7.519999981,7.739999771,6.96999979,5.820000172,5.380000114,5.230000019,4.980000019,4.619999886,4.119999886,3.75,3.380000114,3.140000105,3.859999895,3.569999933
Djibouti,DJI,29.4260006,28.6779995,28.52000046,28.35099983,28.21899986,28.09399986,27.94799995,27.76799965,27.61899948,27.45499992,27.40200043,27.19400024,26.97100067,26.87299919,26.7140007,26.51000023,26.33699989,26.1970005,26.05999947,26.14900017,26.31500053,28.04800034,27.95400047
Denmark,DNK,6.989999771,4.480000019,4.159999847,4.269999981,5.400000095,5.199999809,4.829999924,3.900000095,3.799999952,3.680000067,6.409999847,7.75,7.769999981,7.800000191,7.380000114,6.929999828,6.28000021,5.989999771,5.829999924,5.130000114,5.019999981,5.639999866,5.059999943
Dominican Republic,DOM,6.379000187,6.429999828,7.260000229,6.78000021,6.940000057,6.300000191,6.590000153,5.650000095,5.159999847,4.760000229,5.46999979,5.210000038,6.090000153,6.71999979,7.349999905,6.71999979,7.610000134,7.28000021,5.829999924,5.860000134,6.179999828,6.130000114,7.699999809
Algeria,DZA,31.84000015,29.77000046,27.29999924,25.89999962,23.71999931,17.64999962,15.27000046,12.27000046,13.78999996,11.32999992,10.15999985,9.960000038,9.960000038,10.97000027,9.819999695,10.21000004,11.21000004,10.19999981,10.33399963,10.41600037,10.49499989,12.24800014,11.74699974
East Asia & Pacific (excluding high income),EAP,2.994670233,3.409896568,3.839633162,4.15617281,4.405710329,4.39768524,4.475528587,4.370858165,4.349052369,4.43509373,4.419516577,4.156933503,4.108492617,4.04812013,4.048746823,4.044788889,4.120140723,4.036854961,3.916340474,3.810234978,3.895632412,4.365928884,4.081647383
Early-demographic dividend,EAR,6.7514992,7.111727284,7.270218406,7.529547246,7.553962555,7.526281225,7.538747926,7.255183192,7.162570804,7.003938289,7.127063471,6.951012405,6.788832379,6.712281917,6.743094793,6.681897697,6.825928272,6.812671212,6.663106417,6.64095804,6.199363711,8.136801634,7.143627505
East Asia & Pacific,EAS,3.035334148,3.539362778,3.94916987,4.251821612,4.46832653,4.416820045,4.461562361,4.339314814,4.290280848,4.373097031,4.468818782,4.218097957,4.124835343,4.056068552,4.040423819,4.02012306,4.085861515,3.997886877,3.869336527,3.751713732,3.816317463,4.292507482,4.014497805
Europe & Central Asia (excluding high income),ECA,9.060605392,10.90324937,10.20917493,9.696141913,9.543940334,9.234733196,8.617007512,8.108715957,7.322336908,7.313862534,9.043133859,8.415935176,7.75325745,7.149377833,7.175172848,7.403325435,7.532215834,7.555010499,7.341853149,7.028057596,7.212611606,7.672702421,7.24781604
Europe & Central Asia,ECS,9.937364903,9.791396248,9.084302487,9.091622982,9.112588988,9.101905064,8.721310909,8.07787822,7.162042228,7.069153668,8.896202676,8.97606052,8.718873007,8.929686236,9.166392409,8.923007764,8.525311079,8.058561297,7.453345988,6.869257131,6.643393941,7.077274608,6.908175015
Ecuador,ECU,4.631999969,4.800000191,4.25,4.899000168,5.659999847,5.0,3.779999971,3.549999952,3.140000105,3.920000076,4.610000134,4.090000153,3.460000038,3.230000019,3.079999924,3.480000019,3.619999886,4.599999905,3.839999914,3.529999971,3.809999943,6.110000134,4.5
"Egypt, Arab Rep.",EGY,11.03999996,8.979999542,9.260000229,10.01000023,10.90999985,10.31999969,11.04899979,10.48999977,8.800000191,8.517000198,9.086999893,8.755999565,11.84899998,12.59700012,13.15400028,13.10499954,13.05200005,12.44999981,11.7670002,9.854999542,7.850999832,7.93900013,7.400000095
Euro area,EMU,11.43647692,9.427740823,8.348106144,8.611402494,8.95112201,9.236463606,9.016801344,8.31056641,7.434041463,7.479709844,9.533409235,10.06196034,10.09922268,11.27429735,11.90934763,11.58426406,10.82533181,9.99610498,9.033082088,8.156872837,7.522524014,7.844200371,7.704372942
Eritrea,ERI,5.377999783,5.616000175,5.665999889,5.69299984,5.677000046,5.59100008,5.623000145,5.638999939,5.65199995,5.596000195,5.644999981,5.892000198,5.782000065,5.69299984,5.630000114,5.677999973,5.796999931,5.80700016,5.80700016,5.697000027,5.703999996,7.28000021,6.802000046
Spain,ESP,22.68000031,13.78999996,10.35000038,11.14999962,11.27999973,11.09000015,9.149999619,8.449999809,8.229999542,11.25,17.86000061,19.86000061,21.38999939,24.79000092,26.09000015,24.44000053,22.05999947,19.63999939,17.21999931,15.25,14.10000038,15.52999973,14.77999973
Estonia,EST,9.659999847,13.35999966,13.13000011,10.02999973,11.28999996,10.25,8.029999733,5.909999847,4.590000153,5.449999809,13.55000019,16.70999908,12.32999992,10.02000046,8.630000114,7.349999905,6.409999847,6.880000114,5.809999943,5.409999847,4.510000229,6.960000038,6.179999828
Ethiopia,ETH,3.204999924,3.507999897,3.298000097,3.148999929,2.974999905,2.683000088,2.5,2.471999884,2.436000109,2.407999992,2.387000084,2.335999966,2.311000109,2.292000055,2.25,2.411999941,2.572999954,2.734999895,2.895999908,3.058000088,3.219000101,4.125999928,3.930000067
European Union,EUU,11.05993835,9.830654736,9.196404191,9.53856236,9.639374637,9.874627435,9.566711857,8.622361676,7.447038889,7.201691313,9.12136448,9.794718533,9.831281603,10.79788273,11.31736953,10.83641065,10.01804379,9.104986717,8.1230238,7.253803211,6.679809887,7.054818712,7.001453279
Fragile and conflict affected situations,FCS,5.018674512,5.957662808,5.883085536,5.895903551,5.775578916,5.604477072,5.262689856,5.131672351,5.03393493,5.05771621,5.136106487,5.218516949,5.257174122,5.279456739,5.293590733,5.492754624,5.588907262,5.707715723,5.901883831,5.918164861,5.981660907,6.859123914,7.035047973
Finland,FIN,17.0,11.13000011,10.28999996,10.42000008,10.47000027,10.35999966,8.380000114,7.71999979,6.849999905,6.369999886,8.25,8.390000343,7.78000021,7.690000057,8.18999958,8.659999847,9.380000114,8.819999695,8.640000343,7.360000134,6.690000057,7.760000229,7.610000134
Somalia,SOM,19.56599998,19.40099907,19.37400055,19.34000015,19.32299995,19.31200027,19.29500008,19.28700066,19.17399979,19.17499924,19.17399979,19.17399979,19.17300034,19.1609993,19.06599998,19.01000023,18.87700081,18.93099976,18.97500038,18.87000084,18.82799911,19.56699944,19.93099976
Fiji,FJI,4.777999878,4.912000179,4.797999859,4.762000084,4.828999996,4.699999809,3.890000105,3.95600009,4.117000103,4.165999889,4.324999809,4.308000088,4.409999847,4.425000191,4.31799984,4.27699995,4.285999775,4.320000172,4.261000156,4.315000057,4.441999912,4.794000149,4.928999901
France,FRA,11.82999992,10.22000027,8.609999657,8.699999809,8.31000042,8.909999847,8.489999771,8.449999809,7.659999847,7.059999943,8.739999771,8.869999886,8.81000042,9.399999619,9.920000076,10.28999996,10.35000038,10.05000019,9.409999847,9.020000458,8.409999847,8.010000229,7.860000134
Gabon,GAB,17.62000084,17.39100075,17.23399925,17.20400047,17.07600021,17.02799988,16.90999985,17.73699951,18.27199936,19.19000053,19.83399963,20.38999939,20.41799927,20.48900032,20.50699997,20.56500053,20.60099983,20.66799927,20.73200035,20.74699974,20.69499969,21.72599983,21.83600044
United Kingdom,GBR,8.68999958,5.559999943,4.699999809,5.039999962,4.809999943,4.590000153,4.75,5.349999905,5.260000229,5.619999886,7.539999962,7.789999962,8.039999962,7.880000114,7.519999981,6.110000134,5.300000191,4.809999943,4.329999924,4.0,3.74000001,4.472000122,4.826000214
Georgia,GEO,7.599999905,10.81999969,11.15999985,12.59000015,11.51000023,12.61999989,13.81000042,13.56999969,13.27999973,17.87000084,20.70999908,20.20000076,19.62999916,19.64999962,19.42000008,17.44000053,16.51000023,16.60000038,13.93999958,12.67000008,11.56999969,11.72999954,12.20800018
Ghana,GHA,6.451000214,10.46000004,9.491999626,8.519000053,7.540999889,6.573999882,5.609000206,4.639999866,4.864999771,4.974999905,5.243000031,5.380000114,4.22300005,3.224999905,2.170000076,4.494999886,6.809999943,5.105999947,3.369999886,3.428999901,3.463000059,3.773999929,3.91899991
Guinea,GIN,4.527999878,4.590000153,4.572999954,4.550000191,4.65199995,4.659999847,4.677000046,4.739999771,4.659999847,4.738999844,4.870999813,4.782000065,4.795000076,4.815999985,4.882999897,4.915999889,4.941999912,4.833000183,4.870999813,4.977000237,5.019999981,5.945000172,5.820000172
"Gambia, The",GMB,8.218999863,8.470000267,8.534999847,8.777000427,8.661000252,8.730999947,8.986000061,9.029000282,9.038000107,9.055999756,9.130999565,9.230999947,9.607000351,9.420000076,8.592000008,7.785999775,6.81400013,5.959000111,5.038000107,4.130000114,4.179999828,5.096000195,4.980999947
Guinea-Bissau,GNB,2.99000001,3.01699996,3.042000055,3.068000078,3.066999912,3.062000036,3.062000036,3.082000017,3.085000038,3.095000029,3.102999926,3.104000092,3.092999935,3.160000086,3.140000105,3.163000107,3.14199996,3.151000023,3.161999941,3.200000048,3.174999952,3.605000019,3.687000036
Equatorial Guinea,GNQ,7.803999901,7.999000072,8.104999542,8.178999901,8.208000183,8.12899971,8.104999542,8.036999702,7.986000061,7.941999912,8.05700016,8.397999763,8.298999786,8.190999985,8.083999634,8.097000122,8.204999924,8.227000237,8.262999535,8.199999809,8.277000427,9.295000076,9.147000313
Greece,GRC,9.06000042,11.23999977,10.46000004,9.979999542,9.409999847,10.31000042,9.989999771,9.010000229,8.399999619,7.760000229,9.619999886,12.71000004,17.86000061,24.44000053,27.46999931,26.48999977,24.89999962,23.54000092,21.48999977,19.29000092,17.30999947,16.30999947,14.71000004
Guatemala,GTM,2.664000034,2.75,2.792999983,2.76699996,2.809999943,2.970000029,3.052999973,3.082000017,3.140000105,3.313999891,3.489000082,3.5,3.095000029,2.75999999,3.019999981,2.720000029,2.50999999,2.579999924,2.460000038,2.279999971,2.190000057,3.358999968,2.941999912
Guam,GUM,7.900000095,15.31999969,13.21000004,11.39000034,9.75399971,7.699999809,7.0,7.400000095,8.300000191,8.711999893,9.300000191,8.199999809,13.30000019,12.19999981,11.5,7.599999905,6.900000095,5.400000095,5.429999828,5.546999931,5.477000237,6.577000141,6.25
Guyana,GUY,11.88399982,11.89000034,11.81200027,11.81000042,11.57600021,11.27900028,11.02700043,10.69999981,10.94299984,11.30099964,11.53800011,11.81200027,12.05799961,12.33300018,12.64000034,12.95400047,13.25199986,13.47500038,13.75699997,14.02000046,13.52000046,15.58899975,14.90499973
High income,HIC,7.44951374,6.53393362,6.502531416,7.021548448,7.133689347,6.978797779,6.683345363,6.1526852,5.618939845,5.865208369,7.944606654,8.194905004,7.868317429,7.901358042,7.815856713,7.212528778,6.626327254,6.148678438,5.589230749,5.07744256,4.76884217,6.506147416,5.606627574
"Hong Kong SAR, China",HKG,3.220000029,4.920000076,5.090000153,7.28000021,7.860000134,6.739999771,5.579999924,4.769999981,4.010000229,3.559999943,5.260000229,4.329999924,3.420000076,3.289999962,3.400000095,3.299999952,3.309999943,3.390000105,3.119999886,2.809999943,2.920000076,5.809999943,5.170000076
Honduras,HND,3.24000001,3.855000019,4.0,4.019999981,5.300000191,5.989999771,4.909999847,3.569999933,3.210000038,3.160000086,3.289999962,4.119999886,4.46999979,3.75,5.650000095,7.079999924,6.150000095,6.730000019,5.53000021,5.619999886,5.550000191,10.68000031,7.947000027
Heavily indebted poor countries (HIPC),HPC,4.906895449,5.148172567,5.075114527,5.040244444,5.012935165,4.88048426,4.752429812,4.70383803,4.660618225,4.642867754,4.709042849,4.915492922,4.868754398,4.705053549,4.448116973,4.486121799,4.672703058,4.639702204,4.673842093,4.619185682,4.634468114,5.453946803,5.119614698
Croatia,HRV,10.18000031,16.05999947,15.81999969,15.05000019,13.92000008,13.65999985,12.60000038,11.13000011,9.909999847,8.529999733,9.199999809,11.61999989,13.68000031,15.93000031,17.25,17.29000092,16.18000031,13.10000038,11.21000004,8.430000305,6.619999886,7.510000229,7.610000134
Haiti,HTI,7.301000118,8.407999992,9.635000229,10.82600021,11.9989996,13.30799961,14.42000008,15.66399956,16.79999924,16.29800034,15.65799999,15.38300037,14.56000042,14.10000038,13.95800018,13.96000004,13.88799953,13.85200024,13.78600025,13.75500011,13.78100014,15.08500004,15.0170002
Hungary,HUN,10.17000008,6.559999943,5.670000076,5.610000134,5.789999962,5.829999924,7.190000057,7.489999771,7.409999847,7.820000172,10.02999973,11.17000008,11.02999973,11.0,10.18000031,7.730000019,6.809999943,5.110000134,4.159999847,3.710000038,3.420000076,4.25,4.050000191
IBRD only,IBD,5.748904721,6.455948511,6.651814517,6.899095915,7.036077685,6.919824749,6.896554963,6.630993554,6.420215838,6.340835669,6.662079547,6.443321459,6.295676316,6.189870992,6.180598337,6.165299583,6.287889712,6.390172288,6.311540771,6.174589668,5.976116009,7.388346086,6.532305535
IDA & IBRD total,IBT,5.453692373,6.08932931,6.244795836,6.437494784,6.545150237,6.426077736,6.384571686,6.140915238,5.966329667,5.912366986,6.176689324,5.983241349,5.868983421,5.797511393,5.79135869,5.755742234,5.911270673,5.995502569,5.951134977,5.843179633,5.717659516,6.998207169,6.343449782
IDA total,IDA,4.016656654,4.383173647,4.378253591,4.352223645,4.357844431,4.254052904,4.159254465,4.032665892,4.032218664,4.108842812,4.160406066,4.103028684,4.148993947,4.231425192,4.259435772,4.170819346,4.484512821,4.530483081,4.647358716,4.672066975,4.815375539,5.690536321,5.681367954
IDA blend,IDB,3.519165492,3.706970333,3.577630621,3.403377133,3.284268705,3.137696574,3.014891141,2.896905483,2.714100597,2.738757944,2.789058821,2.856592564,2.903681484,3.256821023,3.636512859,3.290389828,4.052643476,4.235265349,4.517755273,4.760753499,5.215077337,6.202936641,6.170685847
Indonesia,IDN,4.597000122,6.079999924,6.079999924,6.599999905,6.659999847,7.300000191,7.940000057,7.550000191,8.06000042,7.210000038,6.110000134,5.610000134,5.150000095,4.46999979,4.340000153,4.050000191,4.510000229,4.300000191,3.779999971,4.389999866,3.589999914,4.25,3.829999924
IDA only,IDX,4.236431375,4.692070323,4.746162917,4.788746285,4.851982668,4.768369784,4.68503937,4.554177166,4.639845136,4.742354151,4.798614054,4.686787041,4.733048831,4.683854442,4.544693027,4.573525813,4.68363273,4.666138363,4.706433042,4.631789421,4.633049129,5.456724157,5.438859351
India,IND,7.013999939,7.769999981,7.956999779,8.102000237,8.359999657,8.531000137,8.699999809,8.625,8.536000252,8.354000092,8.383999825,8.319000244,8.168000221,8.095000267,8.036999702,7.980999947,7.914999962,7.842000008,7.732999802,7.650000095,6.510000229,10.19499969,7.712999821
Ireland,IRL,11.97000027,4.320000172,3.680000067,4.21999979,4.480000019,4.489999771,4.340000153,4.409999847,4.980000019,6.769999981,12.60999966,14.52999973,15.35000038,15.44999981,13.72999954,11.85999966,9.909999847,8.369999886,6.710000038,5.739999771,4.949999809,5.619999886,6.190000057
"Iran, Islamic Rep.",IRN,9.574000359,11.58199978,12.29800034,12.80000019,11.50300026,10.30000019,11.81000042,11.52000046,10.77000046,10.63000011,12.10999966,13.68000031,12.48999977,12.27000046,10.60000038,10.68000031,11.17000008,12.61999989,12.22999954,12.18999958,10.73999977,9.68999958,10.81799984
Iraq,IRQ,9.020999908,8.751999855,8.842000008,8.890999794,8.848999977,8.604999542,8.718000412,8.654000282,8.649999619,8.479999542,8.395000458,8.251999855,8.125,7.960000038,9.262999535,10.59000015,10.72900009,10.81999969,13.02000046,14.06499958,15.10999966,16.22999954,16.17000008
Iceland,ISL,5.199999809,1.940000057,1.870000005,2.99000001,4.0,4.03000021,2.549999952,2.829999924,2.25,2.950000048,7.21999979,7.559999943,7.03000021,6.0,5.380000114,4.900000095,3.980000019,2.980000019,2.74000001,2.700000048,3.50999999,5.480000019,6.019999981
Israel,ISR,8.779999733,11.10000038,11.81000042,12.89000034,13.51000023,13.02999973,11.34000015,10.71000004,9.380000114,7.699999809,9.529999733,8.479999542,7.139999866,6.860000134,6.210000038,5.889999866,5.25,4.800000191,4.21999979,4.0,3.799999952,4.329999924,4.318999767
Jamaica,JAM,7.105999947,6.959000111,6.914999962,6.868000031,6.803999901,6.800000191,6.767000198,6.697999954,6.678999901,6.670000076,7.309999943,7.630000114,8.029999733,8.68999958,9.699999809,9.050000191,8.842000008,8.630000114,7.400000095,5.46999979,4.989999771,6.5,6.011000156
Jordan,JOR,14.60000038,13.69999981,14.69999981,15.30000019,14.5,14.57800007,14.80000019,14.0,13.10000038,12.69999981,12.89999962,12.5,12.89999962,12.19999981,12.60000038,11.89999962,13.07999992,15.27999973,18.12000084,18.26000023,16.79999924,19.20999908,18.44400024
Japan,JPN,3.200000048,4.75,5.019999981,5.389999866,5.25,4.730000019,4.449999809,4.190000057,3.890000105,4.0,5.070000172,5.099999905,4.550000191,4.360000134,4.039999962,3.589999914,3.390000105,3.130000114,2.819999933,2.470000029,2.349999905,2.799999952,2.799999952
Kazakhstan,KAZ,10.97999954,12.75,10.43000031,9.329999924,8.779999733,8.399999619,8.130000114,7.789999962,7.260000229,6.630000114,6.550000191,5.769999981,5.389999866,5.289999962,5.199999809,5.059999943,4.929999828,4.960000038,4.900000095,4.849999905,4.800000191,4.889999866,5.162000179
Kenya,KEN,3.171000004,3.128000021,3.069999933,3.089999914,3.042000055,2.996999979,2.967999935,2.941999912,2.91899991,2.976000071,2.920000076,2.845999956,2.858999968,2.844000101,2.83100009,2.796000004,2.773999929,2.75999999,3.519999981,4.244999886,5.010000229,5.616000175,5.644000053
Kyrgyz Republic,KGZ,1.427000046,1.98300004,2.075000048,2.109999895,2.282000065,2.375,2.381000042,2.512000084,2.677000046,2.769999981,2.788000107,2.834000111,3.022000074,3.02699995,3.296000004,3.282999992,3.378000021,3.48300004,3.588999987,3.670000076,4.25,4.630000114,4.765999794
Cambodia,KHM,0.785000026,0.972000003,1.039999962,1.106999993,1.121000051,1.133999944,1.129999995,1.208999991,1.25999999,0.819999993,0.579999983,0.769999981,0.579999983,0.509000003,0.439999998,0.689999998,0.389999986,0.720000029,0.140000001,0.142000005,0.145999998,0.298000008,0.294999987
"Korea, Rep.",KOR,2.059999943,4.059999943,3.700000048,3.049999952,3.349999905,3.420000076,3.480000019,3.25,3.00999999,2.960000038,3.359999895,3.319999933,2.99000001,2.809999943,2.75,3.079999924,3.549999952,3.650000095,3.650000095,3.819999933,3.75,3.930000067,3.640000105
Kuwait,KWT,0.699000001,0.800000012,0.800000012,1.100000024,1.299999952,1.700000048,1.493000031,1.299999952,1.5,1.75,1.639999986,1.820000052,2.032999992,2.318000078,2.621999979,2.900000095,2.200000048,2.160000086,2.197999954,2.157999992,2.155999899,3.33100009,2.818000078
Latin America & Caribbean (excluding high income),LAC,7.81263425,9.039178701,8.768916449,9.088338688,8.898488957,8.353933401,8.107449653,7.468214928,7.081166612,6.708933012,7.7056153,6.979320524,6.638577392,6.368934698,6.293933484,6.097066832,6.695885188,7.949952215,8.244181189,8.114695857,8.137313927,10.26266379,9.34145608
Lao PDR,LAO,2.599999905,2.039999962,1.912999988,1.777999997,1.64199996,1.503000021,1.350000024,1.190999985,1.092000008,0.964999974,0.84799999,0.709999979,1.069000006,1.422000051,1.774999976,2.145999908,2.520999908,2.895999908,3.269999981,3.266000032,3.273000002,3.575999975,3.637000084
Lebanon,LBN,8.532999992,8.31799984,8.18500042,8.090999603,7.993999958,7.849999905,8.293000221,8.701000214,8.979999542,7.671999931,6.349999905,6.835999966,7.382999897,7.829999924,8.279999733,8.765000343,9.262999535,9.722999573,10.21100044,10.72799969,11.30000019,12.97099972,12.49699974
Liberia,LBR,2.210999966,2.122999907,2.200000048,2.20600009,2.262000084,2.226000071,2.226999998,2.227999926,2.23300004,2.249000072,2.263000011,2.269999981,2.211999893,2.161999941,2.109999895,2.079999924,2.576999903,3.079999924,3.042000055,3.025000095,3.01699996,3.842000008,3.671999931
Libya,LBY,20.20299911,19.80599976,19.80999947,19.75300026,19.5739994,19.6060009,19.48900032,19.49099922,19.44300079,19.4279995,19.4109993,19.30800056,19.44599915,19.03000069,19.45999908,19.61100006,19.52099991,19.51600075,19.29100037,19.44599915,19.61199951,20.34300041,20.6060009
St. Lucia,LCA,15.82999992,16.48999977,18.51499939,20.38999939,22.18000031,20.96999931,18.70000076,16.0,14.0,12.72000027,15.36999989,17.11100006,18.86000061,19.05999947,22.20999908,21.3029995,20.55599976,19.6590004,18.86000061,19.07999992,15.31999969,20.38999939,19.52000046
Latin America & Caribbean,LCN,7.916774673,9.332720345,9.062224992,9.500946954,9.344078514,8.74606364,8.292915464,7.59503675,7.153981066,6.786551968,7.758904021,7.064827005,6.69543466,6.409913123,6.370230158,6.174300695,6.669013063,7.78200516,8.045698514,7.938163701,7.983433653,10.20078462,9.236439047
Least developed countries: UN classification,LDC,4.079228745,4.324317852,4.367794147,4.453686633,4.551065744,4.506015037,4.477018275,4.390023606,4.467262756,4.51132254,4.598308313,4.629980114,4.655987542,4.679468344,4.65154097,4.65211425,4.730258784,4.794793501,4.879533558,4.791442678,4.798019719,5.60959352,5.625167595
Low income,LIC,4.756470742,4.912638617,4.872256512,4.899666193,4.915020133,4.831072889,4.781391273,4.819601634,4.817844315,4.789447066,4.828722433,4.993592528,4.943420814,4.865230138,4.718473864,4.747629166,4.876253812,4.95851888,5.063150439,4.988809809,5.032626812,5.777256777,5.485834468
Sri Lanka,LKA,12.27000046,7.739999771,7.900000095,8.760000229,8.220000267,8.380000114,7.670000076,6.5,5.96999979,5.21999979,5.849999905,4.78000021,4.119999886,3.880000114,4.239999771,4.190000057,4.519999981,4.239999771,4.050000191,4.320000172,4.670000076,5.199999809,5.238999844
Lower middle income,LMC,5.879639096,6.597600115,6.661129738,6.720281512,6.785871929,6.771115995,6.870536737,6.668759392,6.605974479,6.42141762,6.430610222,6.296264625,6.222250329,6.181353126,6.15370196,6.082764951,6.245524451,6.187643273,6.082394598,6.022984011,5.496895438,7.398931527,6.468920849
Low & middle income,LMY,5.322953834,5.920681483,6.06890731,6.234267139,6.351594675,6.240012229,6.234670597,6.030360876,5.897933389,5.868750423,6.118777807,5.916610395,5.805994457,5.73565576,5.723120579,5.697767738,5.871573617,5.973751557,5.941941413,5.842694592,5.718280168,6.984295673,6.333153871
Lesotho,LSO,17.05699921,17.0,16.99900055,17.06399918,16.95499992,17.02099991,16.9659996,16.93799973,16.9279995,16.88199997,17.04800034,16.86700058,16.87199974,16.81299973,16.91600037,16.90399933,16.85199928,16.82500076,16.98500061,16.91799927,16.87999916,18.46100044,18.29299927
Late-demographic dividend,LTE,4.451182275,5.23485052,5.433581832,5.644514788,5.87809065,5.685403666,5.622947776,5.359895132,5.082259409,5.115532142,5.541903066,5.197827043,5.09775796,5.013829797,4.997067958,4.929163493,5.10055706,5.283264506,5.274107328,5.053261953,5.184725858,5.925592476,5.515208315
Lithuania,LTU,17.54000092,15.93000031,16.84000015,13.01000023,12.86999989,10.68000031,8.319999695,5.78000021,4.25,5.829999924,13.78999996,17.80999947,15.39000034,13.35999966,11.77000046,10.69999981,9.119999886,7.860000134,7.070000172,6.150000095,6.260000229,8.489999771,7.110000134
Luxembourg,LUX,2.920000076,2.349999905,1.809999943,2.619999886,3.680000067,5.110000134,4.489999771,4.730000019,4.070000172,5.059999943,5.119999886,4.360000134,4.900000095,5.139999866,5.849999905,5.849999905,6.670000076,6.289999962,5.519999981,5.590000153,5.590000153,6.769999981,5.25
Latvia,LVA,19.0,14.21000004,13.81999969,13.82999992,12.06000042,11.71000004,10.02999973,7.03000021,6.050000191,7.739999771,17.51000023,19.47999954,16.20999908,15.05000019,11.86999989,10.85000038,9.869999886,9.640000343,8.720000267,7.409999847,6.309999943,8.100000381,7.510000229
"Macao SAR, China",MAC,3.579999924,6.869999886,6.389999866,6.269999981,6.0,4.900000095,4.159999847,3.819999933,3.269999981,3.0,3.579999924,2.839999914,2.559999943,1.970000029,1.820000052,1.669999957,1.809999943,1.940000057,1.99000001,1.830000043,1.75,2.569999933,2.253000021
Morocco,MAR,13.61200047,13.57999992,12.46000004,11.59000015,11.92000008,10.82999992,11.01000023,9.670000076,9.56000042,9.569999695,8.960000038,9.090000153,8.909999847,8.989999771,9.229999542,9.699999809,9.460000038,9.300000191,9.225000381,9.23900032,9.241999626,11.11400032,10.54199982
Moldova,MDA,5.300000191,8.460000038,7.289999962,6.800000191,7.949999809,8.170000076,7.289999962,7.380000114,5.070000172,3.980000019,6.400000095,7.449999809,6.679999828,5.579999924,5.099999905,3.730000019,4.699999809,4.019999981,3.890000105,2.910000086,5.099999905,3.819999933,3.230000019
Madagascar,MDG,5.355000019,5.800000191,5.349999905,5.504000187,5.010000229,3.845999956,2.619999886,2.934999943,3.253000021,3.563999891,4.004000187,4.28000021,2.437999964,0.600000024,0.998000026,1.391000032,1.789999962,1.799999952,1.815000057,1.832999945,1.840999961,2.362999916,2.309999943
Maldives,MDV,0.790000021,1.970000029,3.03399992,4.169000149,5.309000015,6.372000217,7.331999779,8.782999992,9.701999664,10.81599998,11.69999981,11.00800037,10.14900017,9.215999603,8.392999649,7.520999908,6.618000031,5.769999981,5.370999813,4.971000195,4.559999943,5.340000153,5.256999969
Middle East & North Africa,MEA,12.12939206,11.92393631,11.98489284,12.1276266,11.81669159,10.71567146,10.85883999,10.17311947,9.629950058,9.279601166,9.417469632,9.57710252,10.09212249,10.20899368,9.965645423,10.06903582,10.23047492,10.29551986,10.32997375,9.999063738,9.333695476,10.03072832,9.934014367
Mexico,MEX,7.099999905,2.650000095,2.630000114,3.0,3.460000038,3.940000057,3.559999943,3.569999933,3.630000114,3.869999886,5.360000134,5.300000191,5.170000076,4.889999866,4.909999847,4.809999943,4.309999943,3.859999895,3.420000076,3.269999981,3.480000019,4.449999809,4.090000153
Middle income,MIC,5.35698606,5.977583457,6.136683742,6.316484599,6.447109284,6.339333325,6.344399533,6.127504709,5.986847082,5.951704296,6.226729111,5.99351699,5.87696836,5.805782824,5.805635194,5.775772442,5.954121228,6.05801038,6.015417056,5.915471201,5.774802909,7.096334404,6.40553488
North Macedonia,MKD,35.59999847,32.20000076,30.52000046,31.94000053,36.68999863,37.15999985,37.31999969,36.02999878,35.22999954,33.93000031,32.34999847,33.13000107,31.5,31.20000076,29.13999939,28.37999916,26.43000031,24.29999924,22.80999947,21.20000076,17.38999939,16.54999924,15.77999973
Mali,MLI,1.281999946,1.305999994,1.225000024,1.297999978,1.269000053,1.317999959,1.29400003,1.31099999,1.324000001,1.322999954,1.328999996,1.332999945,1.351999998,1.38499999,1.371999979,1.348999977,1.360999942,1.370000005,1.493999958,1.620000005,1.618999958,3.529999971,2.602999926
Malta,MLT,6.296000004,6.320000172,7.110000134,6.900000095,7.489999771,7.320000172,6.920000076,6.800000191,6.46999979,5.980000019,6.889999866,6.849999905,6.380000114,6.199999809,6.110000134,5.730000019,5.380000114,4.690000057,4.0,3.660000086,3.619999886,4.349999905,3.529999971
Myanmar,MMR,0.68599999,0.653999984,0.656000018,0.662999988,0.656000018,0.652999997,0.656000018,0.661000013,0.66900003,0.681999981,0.689999998,0.69599998,0.718999982,0.731000006,0.722000003,0.72299999,0.769999981,0.994000018,1.360000014,0.769999981,0.409999996,1.480000019,1.026660081683774
Middle East & North Africa (excluding high income),MNA,13.27770069,13.12062857,13.17993072,13.27992545,12.87638824,11.56876768,11.79481844,11.04744279,10.56631196,10.35984457,10.50620669,10.7752335,11.49553154,11.73011813,11.47547462,11.64757414,11.94203527,12.07614235,12.08558954,11.71082548,10.9294683,11.42194558,11.43063373
Montenegro,MNE,27.88899994,28.8029995,29.01199913,29.33600044,29.65999985,30.02799988,30.30999947,24.9659996,19.39999962,17.14999962,19.09000015,19.64999962,19.76000023,19.80999947,19.59000015,18.04999924,17.54999924,17.72999954,16.07999992,15.18999958,15.13000011,17.87999916,16.87000084
Mongolia,MNG,5.5,6.085999966,6.143000126,6.199999809,6.800000191,6.815000057,7.041999817,7.126999855,7.199999809,5.559999943,5.860000134,6.550000191,4.769999981,3.900000095,4.230000019,4.800000191,4.860000134,7.239999771,6.360000134,5.380000114,5.44299984,6.590000153,7.75
Mozambique,MOZ,2.770999908,2.885999918,2.842999935,2.900000095,2.954999924,2.984999895,3.030999899,3.045000076,3.096999884,3.141000032,3.190000057,3.229000092,3.263000011,3.303999901,3.346999884,3.384000063,3.430000067,3.453999996,3.453000069,3.454999924,3.464999914,3.776000023,3.938999891
Mauritania,MRT,9.982000351,10.04899979,9.996999741,9.963999748,9.887000084,9.909000397,9.854000092,9.722999573,9.977000237,9.947999954,9.93500042,9.895000458,9.869000435,9.859999657,9.967000008,10.06599998,10.15200043,10.30799961,10.34000015,10.39099979,10.40200043,11.13700008,11.2869997
Mauritius,MUS,9.590000153,9.142000198,9.140000343,8.199999809,8.229999542,8.340000153,9.520000458,9.039999962,8.479999542,7.170000076,7.260000229,7.650000095,7.449999809,7.46999979,7.320000172,7.46999979,7.409999847,6.809999943,6.75,6.429999828,6.329999924,8.630000114,7.656000137
Malawi,MWI,4.751999855,4.922999859,4.989999771,4.934000015,4.902999878,4.912000179,4.93900013,4.93200016,4.894000053,4.919000149,4.920000076,4.940999985,4.967999935,5.004000187,4.980000019,4.967999935,4.986999989,4.981999874,4.960000038,4.948999882,4.93200016,5.681000233,5.657999992
Malaysia,MYS,3.150000095,3.0,3.529999971,3.480000019,3.609999895,3.539999962,3.529999971,3.319999933,3.230000019,3.319999933,3.660000086,3.390000105,3.049999952,3.099999905,3.160000086,2.880000114,3.099999905,3.440000057,3.410000086,3.299999952,3.25999999,4.539999962,4.046000004
North America,NAC,6.034258756,4.275068781,4.982147736,5.974202964,6.155869636,5.704855526,5.25623542,4.798061562,4.77011693,5.818193422,9.152951684,9.460970841,8.793867793,7.985245479,7.33715846,6.250915875,5.457974178,5.102217051,4.576640523,4.111494249,3.889895294,8.205203504,5.586510555
Namibia,NAM,21.0510006,20.29999924,20.8560009,21.27199936,21.79599953,22.09000015,22.32799911,22.18199921,22.20299911,22.25300026,22.29299927,22.12000084,19.45999908,16.77000046,19.03000069,18.52000046,20.89500046,23.35000038,21.65600014,19.87999916,20.00200081,21.23600006,21.26799965
New Caledonia,NCL,18.02700043,17.47900009,17.23999977,16.94199944,16.47500038,16.30999947,15.84599972,15.17300034,14.80700016,14.61100006,13.97000027,13.73099995,14.03600025,14.3579998,14.4659996,14.59000015,13.89099979,13.18200016,12.27499962,11.60299969,10.88000011,13.56000042,12.43599987
Niger,NER,1.432999969,1.521000028,1.470000029,1.899999976,2.345999956,2.789999962,3.099999905,2.653000116,2.21600008,1.702000022,1.274000049,0.771000028,0.319999993,2.180000067,1.381000042,0.519999981,0.532000005,0.533999979,0.541999996,0.541999996,0.551999986,0.680000007,0.667999983
Nigeria,NGA,3.944999933,3.851999998,3.838000059,3.750999928,3.812000036,3.789000034,3.806999922,3.802999973,3.790999889,3.782000065,3.763000011,3.755000114,3.769999981,3.75,3.700000048,3.944000006,4.221000195,4.508999825,4.729000092,4.962999821,5.205999851,5.999000072,5.93599987
Nicaragua,NIC,7.102000237,7.394000053,7.473999977,7.579999924,7.599999905,6.409999847,5.369999886,5.309999943,4.889999866,6.199999809,8.159999847,7.829999924,6.499000072,5.210000038,5.28000021,4.519999981,4.699999809,3.900000095,3.299999952,5.199999809,5.202000141,5.936999798,5.93200016
Netherlands,NLD,7.159999847,2.730000019,2.119999886,2.549999952,3.589999914,4.650000095,5.869999886,5.0,4.150000095,3.650000095,4.349999905,4.989999771,4.980000019,5.820000172,7.239999771,7.420000076,6.869999886,6.010000229,4.840000153,3.829999924,3.380000114,3.819999933,4.210000038
Norway,NOR,6.309999943,3.460000038,3.74000001,4.019999981,4.21999979,4.260000229,4.380000114,3.400000095,2.49000001,2.549999952,3.099999905,3.519999981,3.210000038,3.119999886,3.420000076,3.480000019,4.300000191,4.679999828,4.159999847,3.799999952,3.690000057,4.420000076,4.369999886
Nepal,NPL,10.4989996,10.60400009,10.56599998,10.42399979,10.5369997,10.55799961,10.52000046,10.51500034,10.51399994,10.59300041,10.54199982,10.54800034,10.50300026,10.53100014,10.50199986,10.57600021,10.51200008,10.40299988,10.65999985,10.62300014,10.59899998,13.07800007,12.22299957
New Zealand,NZL,6.460000038,6.130000114,5.429999828,5.28000021,4.75,4.010000229,3.809999943,3.859999895,3.660000086,4.170000076,6.119999886,6.559999943,6.489999771,6.929999828,5.840000153,5.429999828,5.409999847,5.150000095,4.739999771,4.329999924,4.110000134,4.599999905,3.779999971
OECD members,OED,7.601657747,6.771783259,6.623408418,7.169526915,7.286896604,7.178273931,6.829272819,6.247583454,5.771863654,6.101216107,8.248760274,8.419823844,8.027211147,8.006109713,7.918661083,7.397375479,6.842045734,6.42991683,5.90058274,5.464238455,5.385726354,7.102086134,6.18817066
Oman,OMN,4.052000046,4.065999985,4.110000134,4.217999935,4.255000114,4.197000027,4.190999985,4.156000137,4.18900013,4.139999866,4.058000088,4.006999969,3.86500001,3.657999992,3.601999998,3.549999952,3.384000063,3.269999981,2.572999954,1.799999952,1.850000024,2.940000057,2.512000084
Other small states,OSS,11.52284611,11.39907112,11.58626838,11.52234263,11.87402564,11.68571049,11.41047246,10.74193879,10.20170271,9.919855047,10.57691358,10.86658734,10.50029551,10.28727031,10.46450752,10.18249412,10.02910413,9.922449729,9.542905654,9.164091667,9.057381033,10.15142872,10.07548418
Pakistan,PAK,0.647000015,0.611000001,0.600000024,0.587000012,0.600000024,0.603999972,0.591000021,0.579999983,0.400000006,0.419999987,0.540000021,0.649999976,0.800000012,1.863999963,2.950000048,1.830000043,3.569999933,3.756000042,3.913000107,4.079999924,4.829999924,6.550000191,6.340000153
Panama,PAN,6.061999798,6.051000118,6.041999817,5.994999886,6.006999969,5.93900013,5.948999882,5.863999844,5.843999863,5.907999992,6.011000156,5.875,4.050000191,3.717000008,3.703000069,4.419000149,4.368000031,4.758999825,5.392000198,5.217999935,6.329999924,14.11400032,10.30099964
Peru,PER,4.544000149,4.897999763,5.02699995,4.840000153,4.150000095,4.710000038,4.869999886,4.170000076,4.079999924,4.03000021,3.960000038,3.599999905,3.480000019,3.24000001,3.569999933,3.210000038,3.269999981,3.74000001,3.690000057,3.49000001,3.380000114,7.179999828,5.099999905
Philippines,PHL,3.651000023,3.654999971,3.700000048,3.627000093,3.529999971,3.549999952,3.799999952,4.050000191,3.430000067,3.720000029,3.859999895,3.609999895,3.589999914,3.5,3.5,3.599999905,3.069999933,2.700000048,2.549999952,2.339999914,2.24000001,2.519999981,2.631999969
Papua New Guinea,PNG,2.862999916,2.920000076,2.801000118,2.73300004,2.618000031,2.539000034,2.40199995,2.351999998,2.240999937,2.325999975,2.125,2.0,2.619999886,2.532999992,2.532999992,2.339999914,2.448999882,2.454999924,2.477999926,2.538000107,2.431999922,2.694000006,2.825000048
Poland,POL,13.69999981,16.30999947,18.37000084,19.88999939,19.37000084,19.06999969,17.75,13.84000015,9.600000381,7.119999886,8.170000076,9.640000343,9.630000114,10.09000015,10.32999992,8.989999771,7.5,6.159999847,4.889999866,3.849999905,3.279999971,3.160000086,3.359999895
Pre-demographic dividend,PRE,4.872868249,4.809006492,4.785894921,4.782342224,4.799399316,4.73318386,4.697268493,4.691725091,4.630046061,4.611211359,4.642687989,5.039780989,5.010744305,4.972296127,4.832450878,4.864098549,4.965188566,5.026675198,5.268527763,5.305211475,5.416747158,6.121677103,5.916659186
Puerto Rico,PRI,13.93000031,10.07999992,11.39999962,11.93999958,11.77999973,10.31000042,11.35000038,11.01000023,10.93000031,11.47999954,15.0,16.10000038,15.69999981,14.5,14.30000019,13.89999962,12.0,11.80000019,10.80000019,9.199999809,8.300000191,8.890000343,7.900000095
"Korea, Dem. People's Rep.",PRK,2.523999929,3.010999918,3.029000044,2.99000001,2.999000072,2.963000059,2.930000067,2.898999929,2.911000013,2.872999907,2.900000095,2.809999943,2.891000032,2.920000076,2.917000055,2.868000031,2.897000074,2.920000076,2.859999895,2.808000088,2.782999992,3.063999891,3.213000059
Portugal,PRT,7.059999943,3.809999943,3.829999924,4.5,6.130000114,6.320000172,7.579999924,7.650000095,7.96999979,7.550000191,9.430000305,10.77000046,12.68000031,15.52999973,16.19000053,13.89999962,12.44999981,11.06999969,8.869999886,6.989999771,6.460000038,6.800000191,6.579999924
Paraguay,PRY,3.400000095,7.610000134,6.210000038,9.390000343,6.809999943,6.510000229,4.820000172,5.28000021,4.710000038,4.420000076,5.460000038,4.570000172,4.670000076,4.090000153,4.380000114,5.03000021,4.559999943,5.25,4.610000134,6.21999979,6.590000153,7.550000191,7.309999943
West Bank and Gaza,PSE,11.12899971,10.63000011,21.48999977,27.45999908,23.0,23.20999908,20.02000046,19.01000023,18.28000069,22.90999985,20.45000076,21.42000008,17.60000038,19.20000076,19.88999939,20.53000069,23.0,23.94000053,25.68000031,26.26000023,25.34000015,25.88999939,26.38999939
Pacific island small states,PSS,3.228940205,3.67356269,3.625946302,3.59884283,3.568141662,3.457815199,3.023115833,3.005095069,3.107867974,3.145180012,3.293816319,3.141942936,3.088586681,3.239076369,3.04656201,3.011525714,3.005226195,2.968486802,2.974238068,3.005583761,3.017993749,3.285646386,3.376790418
Post-demographic dividend,PST,7.379002142,6.535777987,6.372434503,6.760985945,6.844903893,6.655824142,6.356665723,5.941110449,5.526916071,5.864794438,8.014312756,8.289964445,7.998010302,8.052989285,7.961758979,7.43814616,6.866095548,6.403424149,5.83559902,5.290255869,4.940931214,6.702774337,5.777396998
French Polynesia,PYF,12.18000031,11.68200016,11.81299973,11.71000004,11.61299992,11.70100021,11.75699997,11.79500008,11.73999977,11.90999985,12.26900005,12.18900013,12.27600002,12.17500019,12.11699963,12.14000034,12.08699989,12.08500004,11.97500038,12.08100033,12.13500023,13.67000008,13.26500034
Qatar,QAT,0.822000027,0.842000008,0.846000016,0.851000011,0.855000019,0.860000014,0.86500001,0.870000005,0.519999981,0.310000002,0.310000002,0.449999988,0.560000002,0.479999989,0.280000001,0.200000003,0.170000002,0.150000006,0.140000001,0.109999999,0.100000001,0.140000001,0.170000002
Romania,ROU,8.010000229,6.96999979,6.559999943,8.109999657,6.949999809,7.71999979,7.170000076,7.269999981,6.409999847,5.789999962,6.860000134,6.960000038,7.179999828,6.789999962,7.099999905,6.800000191,6.809999943,5.900000095,4.929999828,4.190000057,3.910000086,5.03000021,5.590000153
Russian Federation,RUS,9.449999809,10.57999992,8.979999542,7.880000114,8.210000038,7.760000229,7.119999886,7.059999943,6.0,6.210000038,8.300000191,7.369999886,6.539999962,5.440000057,5.460000038,5.159999847,5.570000172,5.559999943,5.210000038,4.849999905,4.5,5.590000153,4.71999979
Rwanda,RWA,11.82400036,11.93599987,11.93999958,11.87899971,12.03100014,11.94400024,11.90699959,11.90100002,11.91600037,11.85700035,11.92000008,11.89500046,11.87699986,11.8579998,11.90600014,11.8760004,11.82800007,11.85999966,11.88000011,12.10000038,12.43000031,13.01000023,13.31499958
South Asia,SAS,6.180933149,6.749210938,6.911580032,7.053465087,7.272871368,7.389685551,7.499232825,7.362016413,7.316563785,7.209304125,7.287081604,7.07229849,6.984364118,7.052366444,7.138717425,6.968512527,7.097498663,7.063846971,6.998600895,6.950700244,6.197325205,9.253800925,7.296216641
Saudi Arabia,SAU,5.993999958,4.570000172,4.619999886,5.269999981,5.559999943,5.820000172,6.050000191,6.25,5.730000019,5.079999924,5.380000114,5.550000191,5.769999981,5.519999981,5.599999905,5.71999979,5.599999905,5.599999905,5.889999866,6.03000021,5.639999866,7.449999809,6.691999912
Sudan,SDN,15.58199978,15.28199959,15.21800041,15.16300011,15.09700012,15.04800034,14.97599983,14.89900017,14.84300041,14.80000019,13.0,15.13000011,17.44000053,17.66799927,17.40500069,17.38500023,17.44400024,17.44099998,17.50099945,17.5720005,17.58600044,19.29199982,19.04999924
Senegal,SEN,5.554999828,5.581999779,5.573999882,5.650000095,6.640999794,7.757999897,8.864999771,10.02999973,10.07299995,10.10400009,10.19400024,10.2329998,10.35999966,9.409999847,8.588999748,7.625,6.760000229,4.460000038,4.079999924,3.569999933,2.859999895,3.509000063,3.497999907
Singapore,SGP,3.299999952,3.700000048,3.75999999,5.650000095,5.929999828,5.840000153,5.590000153,4.480000019,3.900000095,3.960000038,5.860000134,4.119999886,3.890000105,3.720000029,3.859999895,3.74000001,3.789999962,4.079999924,4.199999809,3.641000032,3.099999905,4.099999905,3.539999962
Solomon Islands,SLB,1.409000039,2.111999989,1.972000003,1.873999953,1.690999985,1.722000003,1.782999992,1.835999966,1.886000037,1.894000053,2.019999981,1.567999959,1.287999988,1.054999948,0.689999998,0.734000027,0.73299998,0.690999985,0.698000014,0.713999987,0.744000018,0.89200002,0.987999976
Sierra Leone,SLE,3.49000001,3.424999952,3.477999926,3.342999935,3.411000013,3.420000076,3.552999973,3.678999901,3.786999941,3.924000025,4.059999943,4.175000191,4.295000076,4.375,4.468999863,4.679999828,4.436999798,3.927000046,3.561000109,3.190000057,3.193000078,3.572000027,3.697000027
El Salvador,SLV,7.650000095,6.960000038,6.960000038,6.199999809,6.900000095,6.800000191,7.21999979,6.570000172,6.409999847,5.880000114,7.329999924,4.889999866,4.300000191,3.839999914,3.690000057,4.150000095,4.0,4.420000076,4.389999866,4.010000229,4.170000076,5.019999981,4.349999905
Serbia,SRB,13.39999962,12.60000038,12.80000019,13.80000019,15.19999981,18.5,20.85000038,20.85000038,18.05999947,13.69999981,16.13999939,19.21999931,22.96999931,24.0,22.14999962,19.21999931,17.65999985,15.26000023,13.47999954,12.72999954,10.39000034,9.010000229,10.06000042
Sub-Saharan Africa (excluding high income),SSA,6.026550251,6.070346704,5.983969631,5.905859178,5.852673448,5.705954255,5.595499724,5.534910002,5.474596594,5.4513116,5.508183809,5.909842206,5.75990817,5.692640385,5.520004159,5.614791211,5.80572892,5.850596904,5.914792729,5.915200675,6.066772179,6.627844302,6.798442853
South Sudan,SSD,12.11800003,12.1260004,12.12699986,12.13500023,12.13500023,12.14700031,12.14000034,12.12800026,12.13300037,12.14999962,12.21100044,12.13799953,12.20300007,12.34200001,12.03600025,12.13899994,12.28999996,12.32600021,12.26000023,12.22900009,12.19900036,13.74499989,13.48499966
Sub-Saharan Africa,SSF,6.026550251,6.070346704,5.983969631,5.905859178,5.852673448,5.705954255,5.595499724,5.534910002,5.474596594,5.4513116,5.508183809,5.909842206,5.75990817,5.692640385,5.520004159,5.614791211,5.80572892,5.850596904,5.914792729,5.915200675,6.066772179,6.627844302,6.798442853
Small states,SST,10.98123381,10.5253704,10.57743943,10.550092,10.83552509,10.53414674,10.2790974,9.64025463,9.211575626,8.985219786,9.704331026,9.89461149,9.659282832,9.592765718,9.797928439,9.508649782,9.344729171,9.289121882,8.874272963,8.459096339,8.328059829,9.475540788,9.343316268
Sao Tome and Principe,STP,14.44200039,14.39999962,15.72999954,17.62999916,16.36000061,16.12000084,16.46999931,16.64999962,16.31500053,15.61699963,15.25800037,14.58500004,14.10499954,13.59000015,13.61699963,13.64000034,13.77999973,13.83899975,13.91100025,13.99800014,14.07800007,15.44299984,15.34000015
Suriname,SUR,8.390000343,12.74100018,11.91300011,11.14299965,10.30300045,9.489999771,9.373999596,9.18999958,9.031000137,8.875,8.720000267,7.150000095,7.539999962,8.100000381,6.599999905,6.940000057,7.21999979,7.920000076,7.909999847,7.93200016,8.029000282,9.524000168,9.078000069
Slovak Republic,SVK,13.10999966,19.05999947,19.37999916,18.71999931,17.12000084,18.60000038,16.26000023,13.36999989,11.14000034,9.510000229,12.02999973,14.38000011,13.61999989,13.96000004,14.22000027,13.18000031,11.47999954,9.670000076,8.130000114,6.539999962,5.75,6.690000057,6.829999924
Slovenia,SVN,7.150000095,6.920000076,5.679999828,5.920000076,6.480000019,6.010000229,6.510000229,5.949999809,4.820000172,4.369999886,5.860000134,7.239999771,8.170000076,8.840000153,10.10000038,9.670000076,8.960000038,8.0,6.559999943,5.110000134,4.449999809,4.96999979,4.739999771
Sweden,SWE,8.899999619,5.46999979,4.730000019,4.96999979,5.550000191,6.690000057,7.489999771,7.070000172,6.159999847,6.230000019,8.350000381,8.609999657,7.800000191,7.980000019,8.050000191,7.949999809,7.429999828,6.989999771,6.71999979,6.360000134,6.829999924,8.289999962,8.720000267
Eswatini,SWZ,21.64999962,24.27099991,24.86800003,25.36000061,25.95000076,26.53300095,27.04400063,27.61899948,28.23999977,27.71999931,27.0739994,26.38999939,25.81100082,25.1060009,24.52400017,23.97299957,23.31699944,22.71999931,22.7310009,22.75600052,22.78199959,25.07999992,24.55999947
Syrian Arab Republic,SYR,7.199999809,9.602000237,11.63000011,10.95499992,10.27999973,9.574999809,8.873000145,8.170000076,8.420000076,10.93999958,8.140000343,8.609999657,8.626000404,8.855999947,8.862999916,8.744000435,8.720999718,8.765000343,8.746999741,8.74600029,8.741999626,10.01099968,9.815999985
Chad,TCD,0.708000004,0.805999994,0.799000025,0.823000014,0.827000022,0.805000007,0.856000006,0.912,0.924000025,0.943000019,0.958000004,0.952000022,1.004999995,1.0,1.02699995,1.042000055,1.072000027,1.118000031,1.126999974,1.129999995,1.120000005,1.644999981,1.537999988
East Asia & Pacific (IDA & IBRD countries),TEA,3.001046206,3.415192321,3.850351491,4.171568639,4.424254015,4.416582851,4.495868029,4.390292365,4.368078053,4.455837313,4.439853292,4.175097572,4.124899138,4.063379035,4.064152566,4.060863961,4.136945113,4.052255103,3.931049274,3.824279733,3.911264577,4.384423426,4.094141851
Europe & Central Asia (IDA & IBRD countries),TEC,9.424591904,11.1988521,10.78404461,10.56819429,10.32249524,10.06818763,9.398346724,8.598722441,7.501603033,7.23711275,8.866942858,8.48756944,7.947476614,7.472629164,7.539284932,7.606237784,7.576213685,7.411918482,7.05891179,6.644455487,6.727546853,7.163331144,6.843936025
Togo,TGO,3.845000029,4.05700016,4.074999809,4.081999779,4.090000153,4.190000057,4.258999825,4.230000019,3.815000057,3.328999996,2.875,2.427000046,1.980000019,2.03399992,2.089999914,2.144999981,2.200000048,2.964999914,3.74000001,3.72300005,3.707000017,4.027999878,4.175000191
Thailand,THA,1.100000024,2.390000105,2.599999905,1.820000052,1.539999962,1.50999999,1.350000024,1.220000029,1.179999948,1.179999948,1.49000001,0.620000005,0.660000026,0.579999983,0.25,0.579999983,0.600000024,0.689999998,0.829999983,0.769999981,0.720000029,1.100000024,0.991999984
Tajikistan,TJK,10.30000019,15.13399982,14.77499962,14.41300011,14.02200031,13.60700035,13.11900043,12.73499966,12.36499977,11.97799969,11.5,10.88899994,10.23900032,9.572999954,8.904000282,8.227000237,7.552000046,6.900000095,6.948999882,7.000999928,7.044000149,7.485000134,7.743999958
Turkmenistan,TKM,8.300000191,11.51299953,10.64400005,9.708000183,8.947999954,8.151000023,7.467999935,6.583000183,5.738999844,4.94299984,4.0,4.0,4.086999893,4.077000141,4.096000195,4.125999928,4.113999844,4.139999866,4.171000004,4.196000099,4.225999832,4.798999786,4.787000179
Latin America & the Caribbean (IDA & IBRD countries),TLA,7.857070798,9.412065946,9.153354594,9.613800863,9.470059011,8.873575038,8.39903629,7.687174582,7.237989305,6.861467139,7.836109334,7.101731666,6.713305914,6.420968478,6.382997541,6.19699998,6.719821938,7.867362057,8.147702553,8.042457287,8.099221036,10.35544916,9.368801906
Timor-Leste,TLS,3.595999956,3.447999954,3.400000095,3.624000072,3.556999922,3.512000084,3.46600008,3.520999908,3.352999926,3.321000099,3.312999964,3.299999952,3.549000025,3.77699995,4.013999939,4.212999821,4.451000214,4.659999847,4.749000072,4.717999935,4.452000141,4.803999901,4.974999905
Middle East & North Africa (IDA & IBRD countries),TMN,13.29354225,13.13947761,13.12217226,13.18173428,12.80055888,11.48267967,11.73313321,10.98708716,10.50513755,10.25856233,10.42485414,10.68618168,11.44127805,11.66221194,11.39801464,11.56341771,11.83175764,11.95777055,11.94734936,11.56204686,10.77666523,11.27290046,11.2670149
Tonga,TON,1.965000033,4.103000164,4.328000069,4.638999939,5.179999828,4.051000118,2.502000093,1.090000033,1.182999969,1.212000012,1.478999972,1.467000008,1.452999949,1.661000013,1.768000007,1.825999975,1.940999985,1.904000044,2.073999882,2.25,2.243999958,2.654000044,2.66899991
South Asia (IDA & IBRD),TSA,6.180933149,6.749210938,6.911580032,7.053465087,7.272871368,7.389685551,7.499232825,7.362016413,7.316563785,7.209304125,7.287081604,7.07229849,6.984364118,7.052366444,7.138717425,6.968512527,7.097498663,7.063846971,6.998600895,6.950700244,6.197325205,9.253800925,7.296216641
Sub-Saharan Africa (IDA & IBRD countries),TSS,6.026550251,6.070346704,5.983969631,5.905859178,5.852673448,5.705954255,5.595499724,5.534910002,5.474596594,5.4513116,5.508183809,5.909842206,5.75990817,5.692640385,5.520004159,5.614791211,5.80572892,5.850596904,5.914792729,5.915200675,6.066772179,6.627844302,6.798442853
Trinidad and Tobago,TTO,17.21999931,12.10000038,10.88000011,10.39000034,10.47999954,8.329999924,7.949999809,6.269999981,5.539999962,4.630000114,5.28000021,4.03000021,3.430000067,3.720000029,2.680000067,2.480000019,2.430000067,3.210000038,3.309000015,3.404999971,3.519999981,4.210000038,4.449999809
Tunisia,TUN,15.98200035,14.93999958,14.39999962,14.55000019,14.51000023,14.22999954,12.86999989,12.51000023,12.35999966,12.43999958,13.28999996,13.05000019,18.32999992,17.62999916,15.93000031,14.26000023,15.15999985,15.56000042,15.32999992,15.46000004,15.13000011,16.37299919,16.26399994
Turkiye,TUR,7.639999866,6.5,8.380000114,10.35999966,10.53999996,10.84000015,10.64000034,8.720000267,8.869999886,9.710000038,12.55000019,10.65999985,8.800000191,8.149999619,8.729999542,9.880000114,10.23999977,10.84000015,10.81999969,10.89000034,13.67000008,13.10999966,11.97999954
Tanzania,TZA,3.355000019,3.072000027,2.99000001,3.030999899,3.102999926,3.151000023,3.21600008,3.299999952,3.023999929,2.769999981,2.5,2.99000001,3.470000029,3.256000042,2.930000067,2.119999886,2.144000053,2.151000023,2.167999983,2.203000069,2.213999987,2.779999971,2.74000001
Uganda,UGA,3.298000097,3.552000046,3.539000034,3.5,3.599999905,2.746000051,1.899999976,2.276000023,2.723999977,3.142999887,3.599999905,3.586999893,3.490999937,3.549999952,1.909999967,2.322999954,2.749000072,3.183000088,3.640000105,3.571000099,3.553999901,4.511000156,4.295000076
Ukraine,UKR,5.619999886,11.71000004,11.06000042,10.14000034,9.06000042,8.590000153,7.179999828,6.809999943,6.349999905,6.360000134,8.840000153,8.100000381,7.849999905,7.53000021,7.170000076,9.270000458,9.140000343,9.350000381,9.5,8.800000191,8.18999958,9.479999542,9.829999924
Upper middle income,UMC,4.952970305,5.4640214,5.699052255,5.978691079,6.161857904,5.973449392,5.896889623,5.661599801,5.444658133,5.534764132,6.042882833,5.714788465,5.557659393,5.456686369,5.480336801,5.48744727,5.679035894,5.934874218,5.951313876,5.811726256,6.051081503,6.786562111,6.34280185
Uruguay,URY,10.02000046,12.63000011,15.05000019,16.64999962,16.65999985,12.97999954,12.01000023,10.84000015,9.399999619,8.029999733,7.739999771,7.159999847,6.309999943,6.449999809,6.440000057,6.550000191,7.489999771,7.840000153,7.889999866,8.340000153,8.729999542,10.32999992,9.289999962
United States,USA,5.650000095,3.99000001,4.730000019,5.78000021,5.989999771,5.53000021,5.079999924,4.619999886,4.619999886,5.78000021,9.25,9.630000114,8.949999809,8.069999695,7.369999886,6.170000076,5.28000021,4.869999886,4.360000134,3.900000095,3.670000076,8.050000191,5.349999905
Uzbekistan,UZB,7.800000191,12.21100044,11.18099976,10.11299992,9.07199955,8.170999527,7.071000099,6.012000084,4.989999771,4.889999866,5.039999962,5.360000134,4.960000038,4.869999886,4.860000134,5.090000153,5.150000095,5.159999847,5.829999924,5.855999947,5.861000061,5.289999962,6.017000198
St. Vincent and the Grenadines,VCT,20.05900002,20.95800018,21.10000038,20.62899971,20.26000023,20.03700066,19.75699997,19.27799988,19.07099915,18.79000092,18.91699982,18.97699928,18.91900063,18.89299965,18.90500069,18.94799995,18.96899986,18.97800064,19.02799988,19.02000046,19.09000015,20.54999924,20.39800072
"Venezuela, RB",VEN,10.23999977,13.98999977,13.03999996,16.17000008,16.78000069,15.06999969,10.65999985,8.609999657,7.28000021,6.25,6.099999905,7.110000134,6.900000095,6.599999905,7.539999962,6.864999771,6.077000141,5.320000172,5.050000191,5.019999981,5.092000008,7.53000021,6.471000195
Virgin Islands (U.S.),VIR,11.83199978,10.5,10.60000038,10.83699989,11.16399956,10.84399986,10.76900005,10.22799969,10.02400017,10.11200047,11.40600014,11.55000019,11.82600021,11.90999985,12.40200043,12.47500038,12.25800037,12.35400009,12.05300045,12.24499989,12.35000038,13.25500011,13.17300034
Vietnam,VNM,1.906999946,2.25999999,2.75999999,2.119999886,2.25,2.140000105,2.094000101,2.085999966,2.029999971,1.927000046,1.74000001,1.110000014,1.0,1.029999971,1.320000052,1.25999999,1.850000024,1.850000024,1.870000005,1.159999967,1.679999948,2.099999905,2.380000114
Vanuatu,VUT,1.799999952,1.707999945,1.932000041,1.98300004,1.753000021,1.763000011,1.736999989,1.672000051,1.799000025,1.741000056,1.80400002,1.850000024,1.800999999,1.848999977,1.858999968,1.792000055,1.855000019,1.748999953,1.710000038,1.784000039,1.756999969,2.01699996,2.118000031
World,WLD,5.777618495,6.071131335,6.179671431,6.423980985,6.5412958,6.415059403,6.337334468,6.063905086,5.850838834,5.869622998,6.460848077,6.345966028,6.191893091,6.138941783,6.116370999,5.981447535,6.010948362,6.003246533,5.873657232,5.699077206,5.543163701,6.898264957,6.201811583
Samoa,WSM,3.188999891,4.664000034,4.960000038,5.098999977,5.15899992,5.21999979,5.296999931,5.426000118,5.359000206,5.584000111,5.835999966,5.730999947,5.679999828,8.75,8.661000252,8.720000267,8.762999535,8.819000244,9.399999619,9.472000122,9.147000313,9.793000221,9.909999847
"Yemen, Rep.",YEM,8.967000008,11.55799961,11.71800041,11.84500027,11.97700024,12.10299969,12.21000004,12.37100029,12.49800014,12.62300014,12.75,12.82600021,13.2489996,13.16499996,13.26399994,13.47000027,13.78299999,13.40699959,13.25,13.07600021,12.97799969,13.57499981,13.88700008
South Africa,ZAF,20.75,20.26600075,20.21699905,20.08799934,20.01499939,19.86599922,19.74399948,19.63500023,19.54299927,19.51000023,20.51000023,23.18000031,21.42000008,21.79000092,22.04000092,22.61000061,22.87000084,24.02000046,23.98999977,24.21999931,25.54000092,24.34000015,28.77000046
Zambia,ZMB,16.8579998,12.93000031,13.50300026,14.13099957,14.68599987,15.29399967,15.89999962,13.23499966,10.57600021,7.929999828,10.56000042,13.18999958,10.58500004,7.849999905,8.005000114,8.133000374,8.279999733,8.392999649,8.520000458,5.03000021,5.539999962,6.03000021,6.21999979
Zimbabwe,ZWE,5.653999805,5.688000202,5.340000153,5.068999767,4.774000168,4.389999866,4.546000004,4.691999912,4.84800005,5.074999809,5.077000141,5.18900013,5.369999886,5.138999939,4.993999958,4.769999981,5.282000065,5.796000004,6.278999805,6.78399992,7.369999886,7.897999763,8.067000389
